"MODZCTA","Positive","Total","zcta_cum.perc_pos","Med_Income","Population","Race_Total","White_Total","Male_Total","Fem_Total","Median_Age","Median_Age_Male","Median_Age_Fem","Median_Income_Male","Median_Income_Fem","borough","Hisp","NH_Black","NH_White","NH_Asian","NH_Other","Bachelors","Masters","Professional","Doctorate","TotalPop","HH1pers","HH2pers","HH3pers","HH4plus","Bach_plus_prop","AvgHH"
11436,342,567,60.32,75242,20077,20077,1132,9918,10159,36.9,33.6,39.3,36028,33415,"Queens",14.8,59.7,1.5,10.4,13.6,1839,809,54,88,13735,792,1281,1427,2081,20.3,2.85952338290629
11213,972,1653,58.8,41710,66295,66295,14869,30437,35858,33.4,30.4,35.9,34870,28573,"Brooklyn",10.6,64.2,20.6,1.9,2.7,7764,3391,683,313,43266,8333,6858,4340,5496,28.1,2.27965796939306
11212,1086,1793,60.57,26239,76527,76527,5487,32439,44088,37.6,32.9,40.2,29446,26692,"Brooklyn",18.6,77.4,1.2,1.3,1.5,5545,1799,312,102,53004,14711,7270,4257,5216,14.6,1.99930056590577
11225,814,1359,59.9,55862,58882,58882,16038,26817,32065,34.8,33,36.6,36966,38310,"Brooklyn",8.3,61.1,24.7,2.6,3.3,9697,5253,1059,553,42921,8090,7440,4158,4417,38.6,2.20336029869322
11218,1163,1967,59.13,69415,74508,74508,44496,37538,36970,34.2,32.8,35.3,37927,38115,"Brooklyn",17.6,7.6,52.5,18.5,3.9,11574,7806,1355,922,48065,6522,6614,4191,7539,45.1,2.51262768438832
11226,1336,2170,61.57,52052,100277,100277,15288,45123,55154,34.7,33,36.3,37776,31838,"Brooklyn",17.1,65.2,12.1,2.9,2.7,12809,5224,1074,367,68636,11344,10005,6211,9173,28.4,2.35970380856451
11219,1961,3018,64.98,39295,90036,90036,60521,44986,45050,27.8,27.2,28.6,25199,16893,"Brooklyn",12.1,0.9,61.9,24.4,0.6,5918,2483,761,261,49091,4455,5579,3694,10702,19.2,2.84498567335244
11210,1162,1931,60.18,65900,67040,67040,20877,30595,36445,35.6,33.9,36.9,43092,35121,"Brooklyn",7,56.9,29.5,4.2,2.4,8873,4881,1160,367,42951,5380,5975,4132,6780,35.6,2.55292585440338
11230,1573,2615,60.15,49541,89075,89075,62333,42716,46359,33.8,32.7,34.8,33351,29124,"Brooklyn",10.2,6.9,66,14.1,2.8,12998,7667,1577,734,56090,9056,8304,4157,9055,41,2.43212743687034
11204,1325,2234,59.31,49785,76978,76978,44686,38466,38512,34.7,33.3,36.3,31231,24580,"Brooklyn",10.9,1.1,54.4,31.7,1.9,9241,3282,668,264,49510,4629,5968,3959,9045,27.2,2.73810431761366
10471,388,881,44.04,85707,21896,21896,15033,10378,11518,44.9,42.6,48.5,51972,43937,"Bronx",22.8,10.4,58.5,5.8,2.4,3686,3061,1310,658,15931,3390,2841,1114,1253,54.7,2.02675040707141
10470,321,617,52.03,57160,15432,15432,6572,7069,8363,40.5,39.4,41.7,43108,34063,"Bronx",21.1,37,36.2,3.5,2.2,2302,1051,102,102,11381,2146,1764,952,1214,31.3,2.20309414088216
10466,1650,2860,57.69,51477,72479,72479,8034,31842,40637,36.6,34.6,38.6,34350,31376,"Bronx",22,69.1,2.9,3,3.1,7800,3131,172,100,48057,6146,5631,4745,7182,23.3,2.54686972662842
10467,2245,3851,58.3,37015,103732,103732,23469,49745,53987,33.7,32.5,34.7,28984,25042,"Bronx",52.3,30.4,9.4,5.7,2.1,8921,2999,715,315,67420,11847,8992,6351,9542,19.2,2.36992268321899
10463,1168,2451,47.65,58551,71360,71360,32109,33641,37719,39.8,36,43.4,42652,32075,"Bronx",51.1,11.2,31.6,3.6,2.4,10705,6592,1957,1426,51158,10349,8558,4426,5349,40.4,2.16648071961509
10475,1225,2348,52.17,50832,43208,43208,7682,18358,24850,45,43.1,48.6,40735,39662,"Bronx",29,56.8,7.9,2.7,3.5,5918,2648,296,249,32233,8165,4927,2987,2680,28.3,2.00970200970201
10464,95,247,38.46,93365,4434,4434,3495,2162,2272,44.9,43.3,47.4,62325,57565,"Bronx",25.2,1.9,66.9,5.5,0.5,781,480,85,103,3399,665,642,252,334,42.6,2.13470681458003
10469,2042,3422,59.67,63652,73870,73870,13892,34385,39485,40.2,38.3,41.7,35724,32621,"Bronx",29,51.9,10.7,6.4,2,7623,4094,618,505,51384,4679,5848,4315,7608,25,2.66155902004454
10468,1591,2530,62.89,36046,78647,78647,9933,37011,41636,32.2,30.7,33.5,26847,20667,"Bronx",75.8,16.2,3,2.8,2.2,5264,1733,315,146,49291,7111,6365,5670,7192,15.1,2.49141924215962
10463,1168,2451,47.65,58551,71360,71360,32109,33641,37719,39.8,36,43.4,42652,32075,"Bronx",51.1,11.2,31.6,3.6,2.4,10705,6592,1957,1426,51158,10349,8558,4426,5349,40.4,2.16648071961509
10458,1269,2244,56.55,33932,83960,83960,14887,40415,43545,29,27.6,30.4,26270,17963,"Bronx",69.8,17.4,8.3,2.8,1.7,4879,1558,224,243,48277,7117,7111,4777,8277,14.3,2.52100285902793
10034,439,797,55.08,54716,42910,42910,16463,20361,22549,36.4,35.9,37.3,34379,26954,"Manhattan",69.7,5.4,20.1,3,1.7,6004,3191,619,615,30637,5582,4572,2339,3602,34,2.24610127368748
10033,801,1298,61.71,58614,59607,59607,24141,30216,29391,35.8,33.9,38,34619,29371,"Manhattan",68.5,4.1,23.6,2.1,1.7,9416,4445,920,941,43303,5369,5892,3383,5008,36.3,2.40860981070629
10462,1529,2839,53.86,52409,76756,76756,17796,36091,40665,36.3,34.7,37.6,35266,33396,"Bronx",47.5,24.8,11.6,12.5,3.5,8500,4083,632,345,53052,9726,8011,5195,6611,25.6,2.29418136275937
10040,614,988,62.15,47137,44571,44571,16091,20779,23792,37.4,33.9,39.8,31242,24812,"Manhattan",69.5,4.9,21,2.8,1.8,6489,3628,632,546,32545,5411,4821,2768,3181,34.7,2.22983746369198
10453,1474,2435,60.53,25275,79606,79606,6841,36246,43360,30.4,28.5,32.1,25113,19505,"Bronx",69.2,27.4,1.2,1.3,0.9,4635,1116,135,150,47498,8037,6044,5549,7636,12.7,2.46886231937211
10465,1078,2312,46.63,74796,44205,44205,26656,21403,22802,41.5,39.2,43.9,51915,39313,"Bronx",44.3,8.9,42.8,2.8,1.3,4609,2928,309,313,31019,4583,4941,2553,3917,26.3,2.36288608228086
10464,95,247,38.46,93365,4434,4434,3495,2162,2272,44.9,43.3,47.4,62325,57565,"Bronx",25.2,1.9,66.9,5.5,0.5,781,480,85,103,3399,665,642,252,334,42.6,2.13470681458003
10464,95,247,38.46,93365,4434,4434,3495,2162,2272,44.9,43.3,47.4,62325,57565,"Bronx",25.2,1.9,66.9,5.5,0.5,781,480,85,103,3399,665,642,252,334,42.6,2.13470681458003
10461,1266,2447,51.74,56612,50348,50348,24270,24497,25851,37.8,36.8,39.2,41031,35620,"Bronx",46.6,7.7,33.3,10.7,1.8,5993,2743,802,630,36161,5842,5595,3030,4460,28.1,2.32271358376922
10457,1286,2126,60.49,27420,74554,74554,11452,35086,39468,29.8,28.2,31.2,26286,18801,"Bronx",66.6,29.5,1.4,0.9,1.6,3717,1395,305,129,43627,7605,5045,5051,6933,12.7,2.459202727937
10460,1041,1788,58.22,26866,59505,59505,9370,27647,31858,31.6,29.6,33,24401,18084,"Bronx",69.5,25.3,2.6,1.5,1.1,3440,677,206,146,37276,5668,4955,4302,5518,12,2.47302255050629
10032,937,1556,60.22,50391,64264,64264,19122,32163,32101,34.7,33.6,35.9,29020,22647,"Manhattan",66.3,13.6,14.1,4.5,1.6,9297,3693,1092,926,48203,6459,6292,3575,4896,31.1,2.32551126189803
10452,1412,2244,62.92,28277,76078,76078,9592,34800,41278,31.6,29.6,33.1,26182,20322,"Bronx",68.1,27,1.9,1.3,1.6,5097,1054,212,157,45791,7646,6001,4635,7844,14.2,2.48522544591595
10456,1518,2557,59.37,27106,94218,94218,10146,43844,50374,30.9,28.7,32.7,26090,20548,"Bronx",61.5,34.3,1.2,0.8,2.1,5566,1333,198,101,56252,8552,7338,5505,9379,12.8,2.51052836810294
10472,1239,1977,62.67,30977,68796,68796,10270,33428,35368,32.1,30,33.9,25333,19958,"Bronx",64.5,23.8,2.6,6.5,2.6,3856,1111,214,27,42234,5550,5200,4002,7135,12.3,2.58125828117147
10031,807,1282,62.95,49891,60254,60254,17917,30567,29687,34.2,32.3,36.4,32008,28083,"Manhattan",51.4,23.7,17.4,3.8,3.7,8937,5040,868,768,43469,7169,6096,4290,4404,35.9,2.27000318775901
10039,328,615,53.33,39653,27726,27726,3625,11816,15910,33.7,31.6,35.1,31244,32008,"Manhattan",33.8,55.1,6.8,1.6,2.7,3212,1796,206,276,18072,4207,3297,1751,1955,30.4,2.12970561998216
10459,956,1586,60.28,27687,48351,48351,5615,23004,25347,31.3,28,34.1,26481,21782,"Bronx",67.9,28.9,1.6,0.7,0.9,3177,884,29,68,29872,4657,3611,3421,4693,13.9,2.49749725308265
10451,1059,1826,58,28921,47798,47798,5972,22334,25464,34.1,31.3,36.7,28706,21540,"Bronx",59.1,35.4,2.6,1.2,1.7,4070,1420,259,207,30576,7449,4357,3286,4031,19.5,2.20389060293887
10473,1331,2367,56.23,41638,59609,59609,22362,26916,32693,36.1,31,40.1,37901,30582,"Bronx",60.8,33.4,2.6,1.5,1.6,4862,1782,213,185,38996,6096,5458,3880,5501,18.1,2.41967996178648
10030,351,590,59.49,37232,29882,29882,5038,13233,16649,36.1,35,37.8,35279,30462,"Manhattan",25.6,57.2,10.8,1.8,4.6,4026,2013,381,190,21781,5731,3387,1720,1898,30.3,1.98311871859296
10027,654,1244,52.57,46113,64548,64548,19706,29804,34744,31,30.8,31.2,43032,33801,"Manhattan",25.4,36.8,25.1,9.5,3.2,9479,6387,1938,2046,41409,8570,7710,3813,3718,47.9,2.11251102431649
10474,223,380,58.68,25493,12127,12127,1118,6430,5697,30.2,28.3,31.9,26837,19245,"Bronx",63.4,34.9,1.2,0.1,0.4,667,148,7,25,7323,921,706,631,1230,11.6,2.62213302752294
10455,795,1337,59.46,26801,42283,42283,5221,20172,22111,30.6,27.4,34.6,24815,21275,"Bronx",71.8,24.3,1.3,1.2,1.3,2230,725,34,47,25656,4512,2968,2961,3960,11.8,2.44226095410041
10037,297,533,55.72,45041,21139,21139,2291,9399,11740,35.3,30.9,38.9,40587,42113,"Manhattan",21.4,67.8,5.9,2.5,2.4,3089,1857,501,130,14533,4842,2386,1235,1268,38.4,1.88993936902682
10024,472,1235,38.22,131668,59001,59001,49026,26607,32394,43.1,42.7,43.3,111236,70242,"Manhattan",10.9,2.9,76.8,7.2,2.2,16643,12867,6267,2277,47138,13086,9066,2677,3922,80.7,1.91078571180133
10454,719,1185,60.68,21149,38203,38203,5040,18469,19734,29.6,28,31.1,23705,19230,"Bronx",67.9,28.1,2.3,0.3,1.2,1290,371,21,36,21829,4539,2993,1903,3732,7.9,2.3666742614111
10026,428,856,50,58884,39363,39363,10410,18124,21239,35.1,35.8,34.1,50799,39955,"Manhattan",21.3,50.3,19.7,5.9,2.9,6661,4325,987,727,28584,5664,4596,2433,2765,44.4,2.14872557898823
10035,636,1111,57.25,30081,35743,35743,7246,17697,18046,36.3,35.1,37.4,31921,35185,"Manhattan",44.6,37,10.2,4.4,3.8,4343,2118,540,198,25962,6621,3627,2219,1961,27.7,1.96673135569726
10048,NA,NA,NA,NA,NA,NA,NA,NA,NA,NA,NA,NA,NA,NA,"Manhattan",NA,NA,NA,NA,NA,NA,NA,NA,NA,NA,NA,NA,NA,NA,NA,NA
10025,875,2000,43.75,85930,92805,92805,59985,41890,50915,41.3,41.4,41.1,70602,51050,"Manhattan",23.4,9.9,54.6,8.9,3.2,20072,15509,6891,4595,70558,17874,13292,5951,4793,66.7,1.94423765211167
11357,560,1051,53.28,83951,39902,39902,27972,18957,20945,45.5,44.8,46.2,54543,38081,"Queens",15.6,0.5,59.8,22,2.1,6936,3254,864,408,29489,3527,4481,2654,3853,38.9,2.47075439200827
10029,1162,2222,52.3,34016,79597,79597,26896,36356,43241,35.1,31.6,38.1,32497,28215,"Manhattan",47.9,25.8,15.5,9.3,1.5,10072,4346,1724,1051,54309,12345,9139,4874,5332,31.7,2.10075733669927
83,NA,NA,NA,NA,NA,NA,NA,NA,NA,NA,NA,NA,NA,NA,NA,NA,NA,NA,NA,NA,NA,NA,NA,NA,NA,NA,NA,NA,NA,NA,NA
11356,358,641,55.85,60493,23362,23362,8389,11624,11738,37.1,36.4,38.8,37733,31114,"Queens",40.3,1.5,26.5,29,2.7,2059,830,148,56,16190,1360,1973,1658,2462,19.1,2.70065745337448
11359,NA,NA,NA,NA,NA,NA,NA,NA,NA,NA,NA,NA,NA,NA,"Queens",NA,NA,NA,NA,NA,NA,NA,NA,NA,NA,NA,NA,NA,NA,NA,NA
11360,209,468,44.66,86174,19621,19621,12199,9073,10548,48.5,46.1,50.3,63604,47895,"Queens",9.8,0.8,55.2,32.4,1.9,4591,2535,699,414,15371,2977,3034,1179,1393,53.6,2.11511126645695
11105,344,732,46.99,73959,37382,37382,27867,18814,18568,35.4,35.1,35.7,48699,43989,"Queens",22,2.1,60.9,12.2,2.8,9134,3929,834,355,29352,4785,5397,2501,2680,48.6,2.20022131094187
10128,489,1312,37.27,114010,59256,59256,47167,25338,33918,39.5,41.6,38.1,105241,65345,"Manhattan",12.3,3,71.1,9.8,3.8,17976,11745,6587,2799,47668,13744,10677,3627,2643,82,1.84259229089961
10023,433,1105,39.19,130452,62435,62435,49795,27151,35284,43.3,43.4,43.2,124750,75885,"Manhattan",10.5,3.8,72.5,10.6,2.6,16377,15213,6616,2939,50726,17232,10937,2617,2907,81.1,1.73878847238299
11363,76,175,43.43,104792,6952,6952,4124,3341,3611,47.8,44.5,50,67940,53299,"Queens",13.1,1.6,50.8,32.6,1.9,1581,835,310,158,5281,648,913,474,626,54.6,2.40511086057873
10028,371,1003,36.99,125140,47793,47793,41217,20516,27277,38.9,39,38.8,107037,68145,"Manhattan",7.4,0.8,80.9,9.4,1.4,16512,9917,5110,1327,39507,12099,8387,2438,2394,83.2,1.80752824077731
11354,675,1111,60.76,42500,55200,55200,11472,25033,30167,45.5,44.3,46.4,31857,24789,"Queens",15.9,3,16.4,62.6,2,5776,2235,482,337,42977,5237,6217,4335,4323,20.5,2.38504375497216
11102,379,698,54.3,64067,30800,30800,18207,15375,15425,33.7,32.9,34.6,47171,44507,"Queens",30.8,8.6,43,15.1,2.6,7540,2701,714,371,23543,4568,4774,1733,1997,48.1,2.08866279069767
11370,998,1670,59.76,65098,32514,32514,13704,19284,13230,37.5,35.5,40.9,33625,34907,"Queens",37.4,13.8,25.3,22,1.5,3325,1535,316,39,23520,1844,1880,1491,2778,22.2,2.65094457650444
10021,431,1148,37.54,118289,46215,46215,38017,21010,25205,41,42.1,40.5,106371,72682,"Manhattan",7.9,0.6,79.3,9.4,2.8,14573,9107,4738,1816,37453,13156,6887,2309,2644,80.7,1.77760441670667
11358,377,743,50.74,66129,37190,37190,15507,18368,18822,43.9,42,45.7,42061,33523,"Queens",16.8,0.5,33.5,47,2.1,5226,2722,550,273,28220,2765,4325,2300,3652,31.1,2.52438276337985
11362,202,448,45.09,89185,18721,18721,9308,8786,9935,49.4,48,50.8,58727,47529,"Queens",8.9,0.8,44.3,43.3,2.8,3413,1933,641,321,14534,1876,2457,1083,1735,43.4,2.37435323730947
10044,118,255,46.27,100441,11682,11682,5320,5498,6184,42.2,45.1,40.6,72147,71885,"Manhattan",13.3,11.1,38.1,33.9,3.7,2353,2027,595,988,9498,1821,1748,574,605,62.8,1.99220724515586
11369,1055,1483,71.14,54121,34118,34118,9834,16785,17333,38.3,35.9,40.2,30729,25541,"Queens",63.6,14.8,8.1,12.3,1.2,2720,992,238,124,23737,2731,2237,1757,3569,17.2,2.59879541480474
11103,362,701,51.64,71437,36140,36140,25632,17586,18554,33.8,34.4,33.4,48790,42322,"Queens",22.7,1.9,58,14.8,2.7,9684,3979,787,458,28821,5103,5908,2449,2205,51.7,2.11209703159911
11106,417,830,50.24,63703,38363,38363,20734,18799,19564,35.5,35.3,35.8,47658,40765,"Queens",28.3,6,41.1,20.7,3.9,10125,3773,592,519,30072,6460,6097,2029,2406,49.9,2.02242231638418
11368,2817,3755,75.02,50797,112425,112425,42338,58465,53960,32.4,32.2,32.6,26676,20559,"Queens",75.5,8.3,3.9,11.2,1.1,6742,1763,296,126,71881,4330,5629,5257,13286,12.4,2.96480948705354
11377,1404,2231,62.93,57010,86421,86421,42254,44369,42052,40,39.7,40.4,35209,29493,"Queens",38.1,1.9,21,36.8,2.3,13280,4407,744,385,65644,9292,8180,5652,8276,28.7,2.4112101910828
11355,777,1286,60.42,39207,80853,80853,10683,38656,42197,42.8,41.5,44.3,27187,21405,"Queens",14.8,2.9,7.5,72.6,2.3,7544,3069,914,526,61696,6168,7798,5934,7706,19.5,2.54980801275085
11101,423,881,48.01,65392,30043,30043,12915,15297,14746,34.1,34.1,34.1,58412,41041,"Queens",26.3,14.5,32.4,22.5,4.2,6342,2746,1145,394,22131,4692,4919,1809,1749,48,2.04670058470651
11364,330,668,49.4,76988,36806,36806,14708,18053,18753,44.8,43,46.7,50755,44215,"Queens",9.6,2.1,34,51.9,2.4,7060,3643,791,360,27326,3726,3821,2671,3336,43.4,2.41441640844031
10018,168,375,44.8,108914,9687,9687,5791,5144,4543,32.8,34.7,31.4,103911,65809,"Manhattan",15.2,4.5,47.6,29.6,3.2,2885,1776,780,181,8150,2271,2066,501,257,69,1.75348380765456
10020,NA,NA,NA,NA,NA,NA,NA,NA,NA,NA,NA,NA,NA,NA,"Manhattan",NA,NA,NA,NA,NA,NA,NA,NA,NA,NA,NA,NA,NA,NA,NA,NA
11005,NA,NA,NA,NA,NA,NA,NA,NA,NA,NA,NA,NA,NA,NA,NA,NA,NA,NA,NA,NA,NA,NA,NA,NA,NA,NA,NA,NA,NA,NA,NA
10017,107,310,34.52,127506,15801,15801,11683,7134,8667,39.7,38.8,41.9,115182,78797,"Manhattan",5.9,2.2,68.5,21.2,2.1,6249,3326,1044,600,13615,6101,2818,633,353,82.4,1.51923271075215
10001,260,571,45.53,88526,22924,22924,14422,11671,11253,36.7,40.1,34.3,89516,63063,"Manhattan",14.2,5.6,53.1,25,2.1,6810,3676,1190,557,17985,6710,3897,1072,752,68,1.66744429249457
10011,394,852,46.24,128613,50472,50472,40331,26058,24414,40.6,41.4,39.1,106426,80789,"Manhattan",11.3,4.7,71.5,9.2,3.3,17417,10198,3869,1945,42426,16838,8572,2146,1572,78.8,1.60354298269706
10016,502,1197,41.94,117004,51057,51057,36727,24165,26892,33.5,33.6,33.3,101186,78095,"Manhattan",6.9,3.5,66.3,19.1,4.2,17917,9172,4647,1429,41216,16569,8554,2477,1316,80.5,1.60367962373772
11104,316,588,53.74,61269,26119,26119,17459,12954,13165,37.8,38.4,36.9,43198,41653,"Queens",31.4,1.2,43.5,21.9,2,6074,2574,584,233,20640,4617,3574,1534,1894,45.9,2.06067647818229
11109,41,125,32.8,148590,5981,5981,4013,2895,3086,32.7,33.9,31.1,103856,86667,"Queens",5.6,4.1,62.2,25.1,3,1964,1335,584,199,4882,1073,1259,373,249,83.6,1.93161814488829
10010,201,561,35.83,117923,33730,33730,24684,17370,16360,34.7,35.4,33.4,96235,85390,"Manhattan",11,5.1,63.9,17.1,2.8,9368,6011,3501,974,25327,8290,5264,1491,1345,78.4,1.74929835265406
11367,694,1279,54.26,57933,41824,41824,23407,20114,21710,36.4,34,39.5,39157,32455,"Queens",17.9,7.4,46.4,25.5,2.9,5979,2936,844,488,27838,3704,4230,3026,3620,36.8,2.45006858710562
10014,233,529,44.05,126601,30738,30738,27314,15513,15225,38.3,40.3,36.3,107550,76088,"Manhattan",6.7,1,83.9,5.6,2.8,12014,7220,2239,1020,26633,10424,5476,1550,779,84.5,1.59866147347633
10003,347,830,41.81,112131,54682,54682,41511,27503,27179,32.3,33.3,30.7,90019,63992,"Manhattan",8.2,5.4,70.4,13.5,2.4,16227,9077,3448,1907,38236,14377,8265,1999,1483,80.2,1.63971826672791
11222,306,643,47.59,85111,36492,36492,29893,18000,18492,34.8,35.2,34.3,60276,54498,"Brooklyn",14.2,3.7,73.4,5,3.7,11797,4846,814,271,30177,6139,6777,2419,1921,58.7,2.00707000463607
10002,712,1358,52.43,35859,74993,74993,24168,36230,38763,43.6,40.7,46,40342,34866,"Manhattan",27.2,7,22,41.1,2.7,12928,5271,1205,686,59160,14319,10041,4908,4272,34,1.97415026833631
11378,486,894,54.36,73333,37279,37279,26836,18168,19111,37.7,36.6,38.7,50010,32862,"Queens",32.2,1.4,54.1,10.3,2,4923,1935,362,95,25827,3235,2942,2779,3648,28.3,2.54268486194859
10009,518,1180,43.9,61548,57925,57925,35817,26519,31406,37.1,35.1,38.8,63206,54863,"Manhattan",24.8,8.5,51.2,12.8,2.7,17032,6937,2162,777,45242,14577,9404,3643,2104,59.5,1.77374865446717
10012,116,330,35.15,109037,23411,23411,17411,11579,11832,33.9,34.7,33.3,91814,67848,"Manhattan",6.4,2.5,69.8,17.3,4,8203,3613,1408,1606,18431,5953,4114,1227,747,80.5,1.73158375550203
10013,179,426,42.02,105442,28709,28709,15961,14029,14680,38,37.7,38.3,85913,54005,"Manhattan",6,3.6,52.4,33.2,4.7,7800,4064,1004,359,21481,4523,3773,1564,2126,61.6,2.10787585516436
10007,40,130,30.77,246813,7023,7023,5421,4118,2905,36,35.9,36.2,144075,101906,"Manhattan",8.3,4.2,72,11.8,3.8,2269,1177,670,142,5323,1029,958,231,513,80,2.08348590259978
11237,567,892,63.57,51413,49310,49310,20736,25382,23928,30.3,30.2,30.5,34114,27800,"Brooklyn",63,7.5,19.9,7.2,2.4,7196,2223,386,82,32689,3895,4627,3431,4787,30.2,2.5442054958184
11385,1325,2387,55.51,72261,106717,106717,87155,53086,53631,35.4,34.5,36.3,41738,34839,"Queens",44.3,1.6,46.1,6.7,1.3,12808,5807,634,328,73483,6800,10206,7709,10411,26.6,2.61865854352901
10038,166,352,47.16,86058,22800,22800,11784,10696,12104,36.2,34.7,37.7,81625,56046,"Manhattan",14.1,6.8,45,31,3.1,6032,2605,1022,250,17155,4035,3774,1502,899,57.8,1.92801175318315
11206,975,1704,57.22,36404,88349,88349,41715,42822,45527,29.3,27.7,30.9,36752,24749,"Brooklyn",37.1,20.9,33.4,6.8,1.8,10947,2896,523,144,53392,8542,9396,5281,7823,27.2,2.39897558147027
10006,14,54,25.93,176250,3454,3454,2411,1633,1821,31.8,33.2,30.5,120385,79063,"Manhattan",12,1,63.2,19.9,3.9,1368,587,405,150,2705,775,677,229,113,92.8,1.8216276477146
11412,859,1426,60.24,78517,37458,37458,661,17167,20291,40.5,36.9,42.9,40318,38628,"Queens",5.1,88.3,0.8,2.3,3.6,3772,2050,252,110,25970,2103,2734,2099,4103,23.8,2.74300208352206
10005,44,137,32.12,173333,8831,8831,6484,4003,4828,30.1,30.4,29.9,133910,73750,"Manhattan",6.9,2.5,69.4,17,4.2,3191,1618,760,256,6586,1674,1816,557,327,88.4,1.89414723365341
11251,NA,NA,NA,NA,NA,NA,NA,NA,NA,NA,NA,NA,NA,NA,NA,NA,NA,NA,NA,NA,NA,NA,NA,NA,NA,NA,NA,NA,NA,NA,NA
10004,24,64,37.5,157645,3028,3028,1902,1267,1761,37.1,38.3,37,145060,96163,"Manhattan",3.7,1.6,60.6,29.7,4.5,1210,641,371,81,2547,794,524,238,103,90.4,1.78902953586498
11411,486,777,62.55,93882,20759,20759,699,9582,11177,44.2,41.2,46.6,42017,40870,"Queens",6.6,90.5,1,0.3,1.6,2951,1611,146,102,15210,1184,1699,1075,2312,31.6,2.7200956937799
11201,447,1101,40.6,124996,62823,62823,40248,30042,32781,35.2,35.1,35.2,101077,69815,"Brooklyn",11.6,12.6,58.9,11.8,5.2,16981,11437,5492,1366,47602,10681,10541,3442,3403,74.1,1.98457262977874
10004,24,64,37.5,157645,3028,3028,1902,1267,1761,37.1,38.3,37,145060,96163,"Manhattan",3.7,1.6,60.6,29.7,4.5,1210,641,371,81,2547,794,524,238,103,90.4,1.78902953586498
11205,475,910,52.2,56708,46064,46064,22570,21340,24724,29.8,28.9,30.8,37896,34779,"Brooklyn",17.7,29.5,42.3,6.8,3.7,7130,3987,931,353,27491,5608,4680,2181,3825,45.1,2.25917515649932
11208,1383,2216,62.41,40733,98660,98660,25549,45869,52791,32.5,30.8,33.7,34324,30036,"Brooklyn",41.3,48.8,2.4,5.7,1.8,6539,2153,231,166,61661,8160,6796,6789,10436,14.7,2.60597868307386
11207,1233,2136,57.72,37243,91972,91972,13372,41188,50784,34.1,32,35.7,33571,27941,"Brooklyn",33.3,58.8,4,1.4,2.5,6628,2284,199,247,60555,11255,7708,6053,8224,15.5,2.33832731648616
10004,24,64,37.5,157645,3028,3028,1902,1267,1761,37.1,38.3,37,145060,96163,"Manhattan",3.7,1.6,60.6,29.7,4.5,1210,641,371,81,2547,794,524,238,103,90.4,1.78902953586498
10004,24,64,37.5,157645,3028,3028,1902,1267,1761,37.1,38.3,37,145060,96163,"Manhattan",3.7,1.6,60.6,29.7,4.5,1210,641,371,81,2547,794,524,238,103,90.4,1.78902953586498
11413,917,1537,59.66,86324,42443,42443,987,19773,22670,39.8,36.1,42.5,41061,39693,"Queens",4.9,90,1.5,1.1,2.5,4953,2499,190,127,29425,2155,3210,2391,4600,26.4,2.7636775655552
11217,397,762,52.1,107362,41407,41407,24009,19458,21949,35,35.2,34.8,76553,61032,"Brooklyn",18.5,18.7,50.9,7.5,4.3,10482,6998,2408,1105,31566,5910,5901,2782,2854,66.5,2.14787642574655
11238,529,968,54.65,85407,54540,54540,25308,25481,29059,35.8,35.2,36.4,61529,53025,"Brooklyn",10.9,35.4,42.5,6.1,5.1,14566,8902,2249,920,42970,8983,8369,4127,3068,62,2.05214486495295
11231,289,604,47.85,100213,37845,37845,24939,17577,20268,35.9,35.9,35.9,83166,59388,"Brooklyn",18.6,12.2,58,5.3,5.9,8545,5723,2155,683,27198,4503,5591,2709,2899,62.9,2.25499936313845
11422,679,1189,57.11,89235,32082,32082,1759,14880,17202,38.4,35.9,41,41817,40427,"Queens",9.6,82.5,3.3,2,2.6,3705,2012,301,167,22555,1810,2373,2021,3449,27.4,2.73645498808661
11420,863,1447,59.64,67932,48489,48489,7399,23765,24724,39.2,38.1,40.4,36179,27932,"Queens",24,23,4.9,31,17.1,4900,1187,294,82,34051,1767,2817,2889,5686,19,2.94946424500342
11417,535,925,57.84,73424,31927,31927,11426,15311,16616,38.3,38.3,38.3,41691,27544,"Queens",38.5,5.8,19.6,28.6,7.5,3712,1293,183,163,21598,1374,1987,1629,4070,24.8,2.9266004415011
11215,432,1021,42.31,123583,70156,70156,53421,33597,36559,36,36.1,35.9,78168,62500,"Brooklyn",16.3,3.8,66.9,7.9,5.1,18903,13771,4565,2130,52178,7555,9956,5379,5745,75.5,2.32526628252139
11231,289,604,47.85,100213,37845,37845,24939,17577,20268,35.9,35.9,35.9,83166,59388,"Brooklyn",18.6,12.2,58,5.3,5.9,8545,5723,2155,683,27198,4503,5591,2709,2899,62.9,2.25499936313845
11232,337,514,65.56,56661,27602,27602,11391,14304,13298,33.8,34.3,32.9,32111,27300,"Brooklyn",50.6,5,22.2,19.1,3.1,3570,1852,295,181,19434,1822,2640,1669,2681,30.3,2.5911257376305
11430,NA,NA,NA,NA,NA,NA,NA,NA,NA,NA,NA,NA,NA,NA,"Queens",NA,NA,NA,NA,NA,NA,NA,NA,NA,NA,NA,NA,NA,NA,NA,NA
11203,1329,2138,62.16,51277,75451,75451,3330,33245,42206,39.8,36.3,42.5,40372,35018,"Brooklyn",6.4,86.2,3.8,1.8,1.7,8334,3431,419,238,52931,8308,7864,5195,6394,23.5,2.34851050034221
11239,339,578,58.65,27104,13244,13244,4057,5406,7838,46.8,37.7,50.8,31870,33423,"Brooklyn",18.9,58.7,18.8,2.1,1.4,1163,476,127,85,9618,3314,2061,742,647,19.2,1.8110585452395
11236,1828,2903,62.97,67669,100331,100331,5879,43752,56579,37.9,34.4,40.7,40338,39426,"Brooklyn",7.1,84.2,4.3,2.7,1.7,12410,5460,708,299,68092,7953,8540,7023,9766,27.7,2.55892073793642
11220,997,1615,61.73,47079,95643,95643,29005,48315,47328,34.3,33.5,35.1,24548,19349,"Brooklyn",41.7,1.6,14.1,41.2,1.4,9040,3223,795,528,65094,5131,6185,4688,12079,20.9,2.84446106185237
10301,806,1588,50.76,55802,38733,38733,22280,18449,20284,38.2,36.5,39.8,45660,35254,"Staten",24.8,21.2,42.5,6,5.6,5154,3151,995,350,25914,4731,4202,2253,3303,37.2,2.28490579059977
10303,613,1198,51.17,62558,25947,25947,11406,12810,13137,33.1,31,34.6,40741,36955,"Staten",38.9,32.9,17.7,8.1,2.4,2831,960,144,117,16064,1364,2083,1738,2971,25.2,2.77439921530162
11234,1602,2755,58.15,81399,95666,95666,39753,45456,50210,40.3,37.7,42.3,46773,40072,"Brooklyn",10.5,43.6,37.5,6.6,1.8,13631,7525,1443,595,66660,6487,9138,5905,10305,34.8,2.62911889429873
10302,428,845,50.65,64103,18204,18204,11286,9313,8891,34.9,30.8,37,38598,39940,"Staten",41.1,19.2,31.2,7,1.5,2078,663,156,58,12162,1548,1333,874,2394,24.3,2.6690518783542
11693,256,444,57.66,59431,12919,12919,8174,6308,6611,39.5,35.2,43.1,49215,42980,"Queens",29.5,16.1,46.9,4,3.5,1401,828,114,10,8924,1469,1630,779,967,26.4,2.25675954592363
11209,772,1590,48.55,72314,67809,67809,50050,32504,35305,40.6,39.1,42.1,53565,47843,"Brooklyn",16.9,2.7,64.5,13.3,2.5,14420,7612,2262,1022,50759,10944,8807,3894,5652,49.9,2.14520258046899
10304,1001,2003,49.98,52199,41064,41064,21403,20233,20831,38.1,35,40.5,44466,35829,"Staten",25.2,25.2,37.8,9.5,2.2,5036,2436,967,269,27661,3674,3564,2790,4144,31.5,2.52243861134632
10314,1955,4238,46.13,86742,90761,90761,66310,43762,46999,40.8,38.3,43.1,56669,38789,"Staten",15.1,3.7,62.5,16.4,2.3,12570,7037,1335,678,63943,6574,9191,5526,10071,33.8,2.60882596773165
11228,449,826,54.36,67911,44994,44994,25047,22024,22970,41.1,39.3,42.4,40664,31615,"Brooklyn",13,0.9,49.2,35.4,1.6,6935,2954,610,309,32221,3321,4107,2846,5032,33.5,2.62648634522409
11096,NA,NA,NA,NA,NA,NA,NA,NA,NA,NA,NA,NA,NA,NA,NA,NA,NA,NA,NA,NA,NA,NA,NA,NA,NA,NA,NA,NA,NA,NA,NA
10305,883,2001,44.13,76489,42298,42298,31174,20145,22153,39.5,39.1,39.7,51758,38150,"Staten",16.4,6.2,62.3,12.8,2.3,6331,2901,580,292,30043,3765,3499,2287,5112,33.6,2.59646729864284
11229,1064,1912,55.65,60873,83615,83615,54043,40272,43343,40.8,38.6,43,42651,36194,"Brooklyn",10.8,5.1,59.4,22.1,2.6,13376,6872,1230,745,59080,8329,9085,5265,8267,37.6,2.43527434886577
11214,1016,1825,55.67,54041,92946,92946,45769,45577,47369,39.6,37.9,41.1,33631,28436,"Brooklyn",16.4,1.2,42.7,37.4,2.3,13738,5832,1066,437,66593,7537,8329,6097,9970,31.6,2.57933798891429
11691,1496,2272,65.85,46147,67094,67094,26121,30803,36291,31.1,29.4,33,36691,28717,"Queens",26.4,44.3,24,3.5,2,6269,2986,773,356,40221,5899,4640,3545,6510,25.8,2.51791784014762
11096,NA,NA,NA,NA,NA,NA,NA,NA,NA,NA,NA,NA,NA,NA,NA,NA,NA,NA,NA,NA,NA,NA,NA,NA,NA,NA,NA,NA,NA,NA,NA
11223,1134,2049,55.34,50108,81789,81789,46811,40113,41676,36.5,34.6,38.5,35977,26846,"Brooklyn",16.7,3.5,52.1,24.1,3.5,10981,5273,846,362,55076,6671,7207,5001,9079,31.7,2.58974175549038
11693,256,444,57.66,59431,12919,12919,8174,6308,6611,39.5,35.2,43.1,49215,42980,"Queens",29.5,16.1,46.9,4,3.5,1401,828,114,10,8924,1469,1630,779,967,26.4,2.25675954592363
11692,392,644,60.87,44024,20991,20991,4745,9755,11236,34.2,30.7,36.7,39296,27940,"Queens",24.4,57,10,5.7,2.9,2034,888,133,46,13243,1620,2094,1222,1879,23.4,2.49303008070433
11235,1293,2304,56.12,52538,78128,78128,58754,37432,40696,45.1,42,47.8,40412,34992,"Brooklyn",8.3,2.3,71.9,14.4,3.1,16573,8694,2083,1053,59442,10886,9914,4816,6653,47.8,2.22423998264588
11693,256,444,57.66,59431,12919,12919,8174,6308,6611,39.5,35.2,43.1,49215,42980,"Queens",29.5,16.1,46.9,4,3.5,1401,828,114,10,8924,1469,1630,779,967,26.4,2.25675954592363
10306,1087,2625,41.41,79569,53142,53142,45560,24906,28236,43.9,42.6,45.2,54647,40473,"Staten",14.7,3.1,74.6,5.8,1.7,6690,3747,757,263,38676,5152,5644,3716,5495,29.6,2.47753286349778
11694,458,823,55.65,80976,21354,21354,17362,10932,10422,48.5,47.3,50,60278,54805,"Queens",14.9,6,73,3.5,2.6,3843,2309,544,284,16069,3171,2657,1117,1523,43.4,2.11714690599906
11224,657,1147,57.28,33131,46707,46707,27137,20929,25778,45.5,41.9,48,31692,30198,"Brooklyn",20.4,20.6,51,5.9,2.1,6942,4265,700,224,33875,6001,6268,2868,3588,35.8,2.21591455273698
10308,504,1242,40.58,93963,30186,30186,27810,14569,15617,42.9,40,45.2,56566,44805,"Staten",9.6,1,83.7,5,0.7,4744,2416,457,187,21689,1936,3291,1932,3489,36,2.65495867768595
11697,73,150,48.67,103580,3540,3540,3378,1699,1841,49.1,49.6,47,77306,43750,"Queens",6.5,0.6,91.6,0.6,0.8,704,457,86,23,2501,404,416,161,384,50.8,2.38461538461538
10312,1204,2694,44.69,95064,61741,61741,56226,29882,31859,41.6,40.5,42.7,64688,39383,"Staten",10.1,1.2,82,5.4,1.3,8861,4729,956,395,43297,3780,6320,3943,7339,34.5,2.69408848564213
10309,672,1626,41.33,103175,33531,33531,30789,16842,16689,40.5,37.6,43.1,65335,43635,"Staten",9.3,0.6,85,3.6,1.5,5129,2207,448,121,23537,1934,3323,2239,3968,33.6,2.71885903698535
10307,305,686,44.46,80893,15232,15232,14284,7448,7784,39.7,40.3,39.4,62067,39928,"Staten",9.2,0.4,87.3,2.7,0.4,2359,1148,266,35,10168,1195,1283,781,2055,37.5,2.69552126458412
10280,32,103,31.07,169844,9384,9384,7360,4477,4907,38.1,38.2,38,137049,85900,"Manhattan",8.8,1.7,70.5,15.7,3.3,3151,1928,989,262,7160,1897,1423,663,577,88.4,1.98245614035088
11372,1732,2489,69.59,56383,61844,61844,35443,30769,31075,40.5,40.1,40.9,37388,30999,"Queens",57.6,2.4,17.8,20.2,2,8640,4159,630,500,47200,7441,6885,4258,5230,29.5,2.3055765516083
11004,397,653,60.8,92657,15234,15234,6402,7144,8090,44.4,43.3,44.6,52783,45391,"Queens",12.6,6.6,33.4,42.9,4.6,2937,1472,371,100,11492,1510,1483,839,1346,42.5,2.39030513711858
11040,NA,NA,NA,NA,NA,NA,NA,NA,NA,NA,NA,NA,NA,NA,NA,NA,NA,NA,NA,NA,NA,NA,NA,NA,NA,NA,NA,NA,NA,NA,NA
11426,356,661,53.86,88803,20801,20801,8083,10388,10413,38.6,37.1,40.2,51110,41517,"Queens",18.9,6.1,28,44.1,2.7,3192,1711,455,143,14569,1256,1757,924,2419,37.8,2.70893643801133
11365,562,1043,53.88,66483,44983,44983,15033,21359,23624,40.8,40,41.2,42321,31572,"Queens",19.7,7.4,25.3,44.6,2.9,7219,3508,720,438,32031,3617,4470,3033,4451,37.1,2.53419818894098
11001,NA,NA,NA,NA,NA,NA,NA,NA,NA,NA,NA,NA,NA,NA,NA,NA,NA,NA,NA,NA,NA,NA,NA,NA,NA,NA,NA,NA,NA,NA,NA
11375,1138,2175,52.32,80542,73488,73488,44651,33695,39793,42.7,41.3,44.1,69515,55007,"Queens",15.7,2.5,50,27.9,3.9,18061,11269,3496,1982,56889,12780,10485,4787,4805,61.2,2.04921325744895
11427,541,925,58.49,74581,24037,24037,7047,11886,12151,42,40,44.2,41805,38290,"Queens",19.5,19.7,19.8,31.1,9.9,3395,1651,372,153,17320,1691,1938,1318,2553,32.2,2.63106666666667
11374,792,1449,54.66,63161,42653,42653,22481,19585,23068,43.8,41.9,45.4,51519,45064,"Queens",16.3,3.9,43.5,31.8,4.5,9996,4830,1317,910,33846,7817,5978,2798,2823,50.4,2.03229295426452
11366,298,538,55.39,78990,14650,14650,6295,6977,7673,40.6,38.5,41.8,40536,32969,"Queens",8.9,4.9,39,45.2,2.2,2752,1286,312,161,10149,732,1370,1094,1437,44.4,2.69846751564861
11423,653,1070,61.03,70266,31400,31400,4070,15291,16109,40.8,39.7,42.3,37887,31090,"Queens",14.2,38.5,8.9,28.5,9.9,4547,1500,361,191,22788,2186,2424,1957,3220,29,2.63461734954532
11428,470,751,62.58,73699,18929,18929,4295,9208,9721,40.8,40.1,42.2,36397,33254,"Queens",25.3,20.3,11.1,25.4,18,1736,670,132,34,13594,765,1330,1092,2371,18.9,2.91201871176682
11432,1077,1740,61.9,55906,62053,62053,11857,29294,32759,36,35.5,36.5,32751,25967,"Queens",24.4,14.7,12.9,41.3,6.6,9499,3683,1086,537,40975,4635,4433,3061,6418,36.1,2.60721410470696
11379,531,1047,50.72,82819,37851,37851,29559,17886,19965,42.7,42.1,43.2,53264,40688,"Queens",20.1,0.9,66.2,11,1.9,5837,2822,426,237,28002,3361,4117,2428,3598,33.3,2.463788507109
11429,660,1002,65.87,83240,27403,27403,964,12851,14552,39,35.8,42.5,36028,32989,"Queens",12.4,74,1.6,4.1,7.9,3320,1416,171,119,19164,1075,1588,1503,3174,26.2,2.92316076294278
11435,1009,1753,57.56,64086,59296,59296,10038,29447,29849,35.8,34.5,37.4,32821,32257,"Queens",31.1,22.4,11.4,24.3,10.9,8073,2904,489,205,42178,4533,5028,3435,5878,27.7,2.56469216912154
11415,366,664,55.12,68294,19372,19372,11415,9253,10119,38.9,37.6,40.4,53799,41898,"Queens",24.9,5,46.5,19,4.6,3914,1920,516,299,14177,3397,2580,990,1412,46.9,2.04976727533119
11418,675,1097,61.53,66570,38517,38517,15641,19354,19163,35.1,33.6,37.1,35245,26785,"Queens",45.7,6.4,16.4,23.9,7.6,4536,1659,444,252,25587,1952,2470,2177,4339,26.9,2.81395136222344
11433,612,1004,60.96,51521,36489,36489,1432,16723,19766,35,33.7,36.6,31145,26643,"Queens",18.9,62,1.6,8.8,8.7,2702,984,128,54,23940,2420,2106,1898,4095,16.2,2.72896663180911
11451,NA,NA,NA,NA,NA,NA,NA,NA,NA,NA,NA,NA,NA,NA,NA,NA,NA,NA,NA,NA,NA,NA,NA,NA,NA,NA,NA,NA,NA,NA,NA
11221,801,1410,56.81,50153,83835,83835,23203,40147,43688,31.6,30.3,33.5,35206,31938,"Brooklyn",34.3,43.4,16.5,3.4,2.5,11839,4957,515,331,56361,9303,8834,5159,7575,31.3,2.35651582391241
11421,760,1216,62.5,72066,41002,41002,18122,20497,20505,37.8,36.1,39.2,36139,30028,"Queens",58.6,3,16.8,19.3,2.2,4911,1394,374,123,28083,1919,2625,2303,4791,24.2,2.85633270321361
11419,720,1190,60.5,70882,49618,49618,4991,24983,24635,37,35.6,38.6,32556,26704,"Queens",18.9,15.7,4.3,32.2,28.9,5032,1429,262,50,34031,1171,2424,2540,6344,19.9,3.12645244009937
11434,1356,2245,60.4,62207,65791,65791,1927,29219,36572,37.9,32.3,41.4,36613,35940,"Queens",7.5,84.9,1.6,2.5,3.5,6505,2769,317,106,44512,6519,4972,4005,5966,21.8,2.43882210418414
11216,484,929,52.1,61121,56308,56308,16316,26400,29908,34.2,33.2,35.1,46177,39541,"Brooklyn",10.8,54.7,26,5.1,3.4,12331,5905,1319,387,42625,8571,8348,3555,3605,46.8,2.09111674072844
11416,412,680,60.59,67461,27125,27125,7440,13398,13727,35.6,33.4,38.1,31778,29008,"Queens",45.1,4.8,12.7,33.1,4.3,2858,761,144,66,17904,900,1307,1606,3404,21.4,3.04115283358736
11233,802,1361,58.93,40449,76819,76819,6731,35096,41723,33,30.5,35.2,37008,34809,"Brooklyn",16,73.6,6.9,1.6,1.8,8449,3310,430,321,49821,9476,8429,5052,6388,25.1,2.28461407394786
10055,NA,NA,NA,NA,NA,NA,NA,NA,NA,NA,NA,NA,NA,NA,"Manhattan",NA,NA,NA,NA,NA,NA,NA,NA,NA,NA,NA,NA,NA,NA,NA,NA
10019,441,999,44.14,98833,43703,43703,29663,22413,21290,39.5,39.7,39.1,89876,65410,"Manhattan",16.8,5.3,56.7,17.3,3.9,13819,8590,3493,1229,37458,14002,8352,1987,1087,72.4,1.61298568507157
10111,NA,NA,NA,NA,NA,NA,NA,NA,NA,NA,NA,NA,NA,NA,"Manhattan",NA,NA,NA,NA,NA,NA,NA,NA,NA,NA,NA,NA,NA,NA,NA,NA
10153,NA,NA,NA,NA,NA,NA,NA,NA,NA,NA,NA,NA,NA,NA,"Manhattan",NA,NA,NA,NA,NA,NA,NA,NA,NA,NA,NA,NA,NA,NA,NA,NA
10154,NA,NA,NA,NA,NA,NA,NA,NA,NA,NA,NA,NA,NA,NA,"Manhattan",NA,NA,NA,NA,NA,NA,NA,NA,NA,NA,NA,NA,NA,NA,NA,NA
10152,NA,NA,NA,NA,NA,NA,NA,NA,NA,NA,NA,NA,NA,NA,"Manhattan",NA,NA,NA,NA,NA,NA,NA,NA,NA,NA,NA,NA,NA,NA,NA,NA
10115,NA,NA,NA,NA,NA,NA,NA,NA,NA,NA,NA,NA,NA,NA,"Manhattan",NA,NA,NA,NA,NA,NA,NA,NA,NA,NA,NA,NA,NA,NA,NA,NA
10022,250,668,37.43,135363,31125,31125,26028,14113,17012,47.5,45.9,48.5,128164,81790,"Manhattan",5.4,1.2,78.8,12.2,2.4,10674,6440,4262,1042,27042,9500,6417,1391,741,82.9,1.63283284392487
11370,998,1670,59.76,65098,32514,32514,13704,19284,13230,37.5,35.5,40.9,33625,34907,"Queens",37.4,13.8,25.3,22,1.5,3325,1535,316,39,23520,1844,1880,1491,2778,22.2,2.65094457650444
10065,244,735,33.2,127375,28109,28109,24285,12248,15861,39.8,37.8,41.5,115065,72099,"Manhattan",6.6,2,80.7,9.4,1.3,8643,4994,3485,1287,22402,7209,4767,1535,1333,82.2,1.79735920237133
10075,302,667,45.28,137146,21556,21556,18396,10096,11460,45,43.3,45.9,97659,69742,"Manhattan",14.2,3.1,75.9,4.9,1.9,6571,3803,1903,770,16986,5445,3307,717,1566,76.8,1.85536927956502
10069,44,114,38.6,110625,5085,5085,3155,2354,2731,36,35.9,36.7,146133,78359,"Manhattan",1.1,2.9,61.4,30.1,4.4,1383,1080,538,238,3697,1142,709,365,336,87.6,1.95885579937304
10281,NA,NA,NA,NA,NA,NA,NA,NA,NA,NA,NA,NA,NA,NA,"Manhattan",NA,NA,NA,NA,NA,NA,NA,NA,NA,NA,NA,NA,NA,NA,NA,NA
10282,56,114,49.12,250001,5593,5593,4153,2707,2886,35.3,34.1,36,221100,120298,"Manhattan",7.6,0.8,67,20.8,3.9,1728,915,469,82,3810,667,595,355,614,83.8,2.41057821604662
11211,1399,2332,59.99,71225,102624,102624,76620,51067,51557,30.7,31,30.5,54623,41752,"Brooklyn",24.3,3.7,63.9,5.5,2.5,22457,8722,2175,678,68586,11147,14560,6052,7625,49.6,2.25784582571603
11373,2196,3259,67.38,51183,93967,93967,20359,47038,46929,38.2,37.1,39.2,30575,24208,"Queens",41.4,1.8,6.5,48.3,2.1,12905,3887,722,387,67864,6497,8400,5518,9870,26.4,2.61948159154697
10279,NA,NA,NA,NA,NA,NA,NA,NA,NA,NA,NA,NA,NA,NA,"Manhattan",NA,NA,NA,NA,NA,NA,NA,NA,NA,NA,NA,NA,NA,NA,NA,NA
10165,NA,NA,NA,NA,NA,NA,NA,NA,NA,NA,NA,NA,NA,NA,"Manhattan",NA,NA,NA,NA,NA,NA,NA,NA,NA,NA,NA,NA,NA,NA,NA,NA
10168,NA,NA,NA,NA,NA,NA,NA,NA,NA,NA,NA,NA,NA,NA,"Manhattan",NA,NA,NA,NA,NA,NA,NA,NA,NA,NA,NA,NA,NA,NA,NA,NA
10105,NA,NA,NA,NA,NA,NA,NA,NA,NA,NA,NA,NA,NA,NA,"Manhattan",NA,NA,NA,NA,NA,NA,NA,NA,NA,NA,NA,NA,NA,NA,NA,NA
10118,NA,NA,NA,NA,NA,NA,NA,NA,NA,NA,NA,NA,NA,NA,"Manhattan",NA,NA,NA,NA,NA,NA,NA,NA,NA,NA,NA,NA,NA,NA,NA,NA
10176,NA,NA,NA,NA,NA,NA,NA,NA,NA,NA,NA,NA,NA,NA,"Manhattan",NA,NA,NA,NA,NA,NA,NA,NA,NA,NA,NA,NA,NA,NA,NA,NA
10170,NA,NA,NA,NA,NA,NA,NA,NA,NA,NA,NA,NA,NA,NA,"Manhattan",NA,NA,NA,NA,NA,NA,NA,NA,NA,NA,NA,NA,NA,NA,NA,NA
10112,NA,NA,NA,NA,NA,NA,NA,NA,NA,NA,NA,NA,NA,NA,"Manhattan",NA,NA,NA,NA,NA,NA,NA,NA,NA,NA,NA,NA,NA,NA,NA,NA
10122,NA,NA,NA,NA,NA,NA,NA,NA,NA,NA,NA,NA,NA,NA,"Manhattan",NA,NA,NA,NA,NA,NA,NA,NA,NA,NA,NA,NA,NA,NA,NA,NA
10107,NA,NA,NA,NA,NA,NA,NA,NA,NA,NA,NA,NA,NA,NA,"Manhattan",NA,NA,NA,NA,NA,NA,NA,NA,NA,NA,NA,NA,NA,NA,NA,NA
10103,NA,NA,NA,NA,NA,NA,NA,NA,NA,NA,NA,NA,NA,NA,"Manhattan",NA,NA,NA,NA,NA,NA,NA,NA,NA,NA,NA,NA,NA,NA,NA,NA
10174,NA,NA,NA,NA,NA,NA,NA,NA,NA,NA,NA,NA,NA,NA,"Manhattan",NA,NA,NA,NA,NA,NA,NA,NA,NA,NA,NA,NA,NA,NA,NA,NA
10166,NA,NA,NA,NA,NA,NA,NA,NA,NA,NA,NA,NA,NA,NA,"Manhattan",NA,NA,NA,NA,NA,NA,NA,NA,NA,NA,NA,NA,NA,NA,NA,NA
10169,NA,NA,NA,NA,NA,NA,NA,NA,NA,NA,NA,NA,NA,NA,"Manhattan",NA,NA,NA,NA,NA,NA,NA,NA,NA,NA,NA,NA,NA,NA,NA,NA
10167,NA,NA,NA,NA,NA,NA,NA,NA,NA,NA,NA,NA,NA,NA,"Manhattan",NA,NA,NA,NA,NA,NA,NA,NA,NA,NA,NA,NA,NA,NA,NA,NA
10177,NA,NA,NA,NA,NA,NA,NA,NA,NA,NA,NA,NA,NA,NA,"Manhattan",NA,NA,NA,NA,NA,NA,NA,NA,NA,NA,NA,NA,NA,NA,NA,NA
10172,NA,NA,NA,NA,NA,NA,NA,NA,NA,NA,NA,NA,NA,NA,"Manhattan",NA,NA,NA,NA,NA,NA,NA,NA,NA,NA,NA,NA,NA,NA,NA,NA
10171,NA,NA,NA,NA,NA,NA,NA,NA,NA,NA,NA,NA,NA,NA,"Manhattan",NA,NA,NA,NA,NA,NA,NA,NA,NA,NA,NA,NA,NA,NA,NA,NA
10270,NA,NA,NA,NA,NA,NA,NA,NA,NA,NA,NA,NA,NA,NA,"Manhattan",NA,NA,NA,NA,NA,NA,NA,NA,NA,NA,NA,NA,NA,NA,NA,NA
10104,NA,NA,NA,NA,NA,NA,NA,NA,NA,NA,NA,NA,NA,NA,"Manhattan",NA,NA,NA,NA,NA,NA,NA,NA,NA,NA,NA,NA,NA,NA,NA,NA
10271,NA,NA,NA,NA,NA,NA,NA,NA,NA,NA,NA,NA,NA,NA,"Manhattan",NA,NA,NA,NA,NA,NA,NA,NA,NA,NA,NA,NA,NA,NA,NA,NA
10110,NA,NA,NA,NA,NA,NA,NA,NA,NA,NA,NA,NA,NA,NA,"Manhattan",NA,NA,NA,NA,NA,NA,NA,NA,NA,NA,NA,NA,NA,NA,NA,NA
10175,NA,NA,NA,NA,NA,NA,NA,NA,NA,NA,NA,NA,NA,NA,"Manhattan",NA,NA,NA,NA,NA,NA,NA,NA,NA,NA,NA,NA,NA,NA,NA,NA
10151,NA,NA,NA,NA,NA,NA,NA,NA,NA,NA,NA,NA,NA,NA,"Manhattan",NA,NA,NA,NA,NA,NA,NA,NA,NA,NA,NA,NA,NA,NA,NA,NA
10173,NA,NA,NA,NA,NA,NA,NA,NA,NA,NA,NA,NA,NA,NA,"Manhattan",NA,NA,NA,NA,NA,NA,NA,NA,NA,NA,NA,NA,NA,NA,NA,NA
10178,NA,NA,NA,NA,NA,NA,NA,NA,NA,NA,NA,NA,NA,NA,"Manhattan",NA,NA,NA,NA,NA,NA,NA,NA,NA,NA,NA,NA,NA,NA,NA,NA
10121,NA,NA,NA,NA,NA,NA,NA,NA,NA,NA,NA,NA,NA,NA,"Manhattan",NA,NA,NA,NA,NA,NA,NA,NA,NA,NA,NA,NA,NA,NA,NA,NA
10123,NA,NA,NA,NA,NA,NA,NA,NA,NA,NA,NA,NA,NA,NA,"Manhattan",NA,NA,NA,NA,NA,NA,NA,NA,NA,NA,NA,NA,NA,NA,NA,NA
10106,NA,NA,NA,NA,NA,NA,NA,NA,NA,NA,NA,NA,NA,NA,"Manhattan",NA,NA,NA,NA,NA,NA,NA,NA,NA,NA,NA,NA,NA,NA,NA,NA
10158,NA,NA,NA,NA,NA,NA,NA,NA,NA,NA,NA,NA,NA,NA,"Manhattan",NA,NA,NA,NA,NA,NA,NA,NA,NA,NA,NA,NA,NA,NA,NA,NA
10041,NA,NA,NA,NA,NA,NA,NA,NA,NA,NA,NA,NA,NA,NA,"Manhattan",NA,NA,NA,NA,NA,NA,NA,NA,NA,NA,NA,NA,NA,NA,NA,NA
10120,NA,NA,NA,NA,NA,NA,NA,NA,NA,NA,NA,NA,NA,NA,"Manhattan",NA,NA,NA,NA,NA,NA,NA,NA,NA,NA,NA,NA,NA,NA,NA,NA
10278,NA,NA,NA,NA,NA,NA,NA,NA,NA,NA,NA,NA,NA,NA,"Manhattan",NA,NA,NA,NA,NA,NA,NA,NA,NA,NA,NA,NA,NA,NA,NA,NA
10155,NA,NA,NA,NA,NA,NA,NA,NA,NA,NA,NA,NA,NA,NA,"Manhattan",NA,NA,NA,NA,NA,NA,NA,NA,NA,NA,NA,NA,NA,NA,NA,NA
10043,NA,NA,NA,NA,NA,NA,NA,NA,NA,NA,NA,NA,NA,NA,NA,NA,NA,NA,NA,NA,NA,NA,NA,NA,NA,NA,NA,NA,NA,NA,NA
10081,NA,NA,NA,NA,NA,NA,NA,NA,NA,NA,NA,NA,NA,NA,NA,NA,NA,NA,NA,NA,NA,NA,NA,NA,NA,NA,NA,NA,NA,NA,NA
10096,NA,NA,NA,NA,NA,NA,NA,NA,NA,NA,NA,NA,NA,NA,NA,NA,NA,NA,NA,NA,NA,NA,NA,NA,NA,NA,NA,NA,NA,NA,NA
10097,NA,NA,NA,NA,NA,NA,NA,NA,NA,NA,NA,NA,NA,NA,NA,NA,NA,NA,NA,NA,NA,NA,NA,NA,NA,NA,NA,NA,NA,NA,NA
10196,NA,NA,NA,NA,NA,NA,NA,NA,NA,NA,NA,NA,NA,NA,NA,NA,NA,NA,NA,NA,NA,NA,NA,NA,NA,NA,NA,NA,NA,NA,NA
10196,NA,NA,NA,NA,NA,NA,NA,NA,NA,NA,NA,NA,NA,NA,NA,NA,NA,NA,NA,NA,NA,NA,NA,NA,NA,NA,NA,NA,NA,NA,NA
10275,NA,NA,NA,NA,NA,NA,NA,NA,NA,NA,NA,NA,NA,NA,NA,NA,NA,NA,NA,NA,NA,NA,NA,NA,NA,NA,NA,NA,NA,NA,NA
10265,NA,NA,NA,NA,NA,NA,NA,NA,NA,NA,NA,NA,NA,NA,NA,NA,NA,NA,NA,NA,NA,NA,NA,NA,NA,NA,NA,NA,NA,NA,NA
10045,NA,NA,NA,NA,NA,NA,NA,NA,NA,NA,NA,NA,NA,NA,"Manhattan",NA,NA,NA,NA,NA,NA,NA,NA,NA,NA,NA,NA,NA,NA,NA,NA
10047,NA,NA,NA,NA,NA,NA,NA,NA,NA,NA,NA,NA,NA,NA,NA,NA,NA,NA,NA,NA,NA,NA,NA,NA,NA,NA,NA,NA,NA,NA,NA
10047,NA,NA,NA,NA,NA,NA,NA,NA,NA,NA,NA,NA,NA,NA,NA,NA,NA,NA,NA,NA,NA,NA,NA,NA,NA,NA,NA,NA,NA,NA,NA
10080,NA,NA,NA,NA,NA,NA,NA,NA,NA,NA,NA,NA,NA,NA,NA,NA,NA,NA,NA,NA,NA,NA,NA,NA,NA,NA,NA,NA,NA,NA,NA
10203,NA,NA,NA,NA,NA,NA,NA,NA,NA,NA,NA,NA,NA,NA,NA,NA,NA,NA,NA,NA,NA,NA,NA,NA,NA,NA,NA,NA,NA,NA,NA
10259,NA,NA,NA,NA,NA,NA,NA,NA,NA,NA,NA,NA,NA,NA,NA,NA,NA,NA,NA,NA,NA,NA,NA,NA,NA,NA,NA,NA,NA,NA,NA
10260,NA,NA,NA,NA,NA,NA,NA,NA,NA,NA,NA,NA,NA,NA,NA,NA,NA,NA,NA,NA,NA,NA,NA,NA,NA,NA,NA,NA,NA,NA,NA
10285,NA,NA,NA,NA,NA,NA,NA,NA,NA,NA,NA,NA,NA,NA,NA,NA,NA,NA,NA,NA,NA,NA,NA,NA,NA,NA,NA,NA,NA,NA,NA
10286,NA,NA,NA,NA,NA,NA,NA,NA,NA,NA,NA,NA,NA,NA,NA,NA,NA,NA,NA,NA,NA,NA,NA,NA,NA,NA,NA,NA,NA,NA,NA
10035,636,1111,57.25,30081,35743,35743,7246,17697,18046,36.3,35.1,37.4,31921,35185,"Manhattan",44.6,37,10.2,4.4,3.8,4343,2118,540,198,25962,6621,3627,2219,1961,27.7,1.96673135569726
11371,NA,NA,NA,NA,NA,NA,NA,NA,NA,NA,NA,NA,NA,NA,"Queens",NA,NA,NA,NA,NA,NA,NA,NA,NA,NA,NA,NA,NA,NA,NA,NA
11361,305,603,50.58,85887,27246,27246,13252,13337,13909,43.3,41.4,44.5,52686,40695,"Queens",12.9,3.6,41.8,40.6,1.2,5057,2716,504,291,20576,2659,3165,1704,2498,41.6,2.40305206463196
10036,301,656,45.88,91936,27428,27428,17319,14922,12506,36.7,38.5,34.4,96966,58165,"Manhattan",21.5,6.3,51.4,19,1.7,9257,4927,1607,653,22779,9722,4714,1151,596,72.2,1.54402768337144
11414,588,1004,58.57,71648,29219,29219,22761,13929,15290,45,43.9,46,50735,39406,"Queens",22.3,1.8,67.8,5,3,3828,1737,419,50,21607,2603,3398,2151,2528,27.9,2.4310861423221
10310,506,1136,44.54,72093,23262,23262,13731,11065,12197,38.8,38.2,39.1,50983,40415,"Staten",31.6,18.9,41.6,6.2,1.7,2995,1768,409,150,15599,1971,2326,1628,2421,34.1,2.53906062784567
11693,256,444,57.66,59431,12919,12919,8174,6308,6611,39.5,35.2,43.1,49215,42980,"Queens",29.5,16.1,46.9,4,3.5,1401,828,114,10,8924,1469,1630,779,967,26.4,2.25675954592363
11249,NA,NA,NA,NA,NA,NA,NA,NA,NA,NA,NA,NA,NA,NA,"Brooklyn",NA,NA,NA,NA,NA,NA,NA,NA,NA,NA,NA,NA,NA,NA,NA,NA
10162,NA,NA,NA,NA,NA,NA,NA,NA,NA,NA,NA,NA,NA,NA,"Manhattan",NA,NA,NA,NA,NA,NA,NA,NA,NA,NA,NA,NA,NA,NA,NA,NA
10119,NA,NA,NA,NA,NA,NA,NA,NA,NA,NA,NA,NA,NA,NA,"Manhattan",NA,NA,NA,NA,NA,NA,NA,NA,NA,NA,NA,NA,NA,NA,NA,NA
